film_title,year,genre,runtime_mins,avg_rating,num_ratings,num_reviews,country,language,letterboxd_url,date_scraped
Project Hail Mary,2026,Science Fiction|Adventure,156,4.32,6112886112880230034531603320260503202621202003285123816043225299950,1238160,USA,English|Chinese|English|Russian,https://letterboxd.com/film/project-hail-mary/,2026-05-04
Marty Supreme,2025,Thriller|Drama,150,4.08,1197499119749902300345142643202605032424120253131341212129711202407165114126640826049200,1141266,USA,English|English|Japanese,https://letterboxd.com/film/marty-supreme/,2026-05-04
The Drama,2026,Romance|Drama|Comedy,105,3.74,120549412054940230034523205202605032424202612120240806563160737413087060,631607,USA,English,https://letterboxd.com/film/the-drama/,2026-05-04
Hamnet,2025,History|Drama|Romance,125,4.19,7722327722320230034563148931420260503202552720210805565687341914894570,656873,UK|USA,English,https://letterboxd.com/film/hamnet/,2026-05-04
Wuthering Heights,2026,Romance|Drama,136,2.75,1196911119691120260230034570231202605031202620261252123202407132026560180427511746930,601804,USA|UK,English,https://letterboxd.com/film/wuthering-heights-2026/,2026-05-04
The Housemaid,2025,Thriller|Mystery,131,3.03,1255319125531920250230034505462026050312025202511132202410092025552129530313566600,521295,USA,English,https://letterboxd.com/film/the-housemaid-2025/,2026-05-04
Sinners,2025,Thriller|Action|Horror,138,4.1,111660011166002025023003455996755520260503202520251134202401202025515788064143217830,1578806,USA,English|English|Chinese|Yoruba,https://letterboxd.com/film/sinners-2025/,2026-05-04
Stranger Things 5: The Finale,2025,Action|Fantasy|Mystery,125,3.04,144033414403345023003459563202601092121202551112025102455548248430412229440,482484,USA,English,https://letterboxd.com/film/stranger-things-5-the-finale/,2026-05-04
People We Meet on Vacation,2026,Comedy|Drama|Romance,116,3.17,93285693285602300345988532202604303000300020261122132022101354181883179494920,418188,USA,English,https://letterboxd.com/film/people-we-meet-on-vacation/,2026-05-04
One Battle After Another,2025,Thriller|Comedy|Action|Crime,162,4.15,951277951277023003452746622026050320252118114112211220221130596325441526025850,963254,USA,English|English|Spanish|French,https://letterboxd.com/film/one-battle-after-another/,2026-05-04
Zootopia 2,2025,Adventure|Family|Comedy|Animation|Mystery|here,108,3.69,9773429773422023003450015972026050312025221221112023020922561239136916777310,612391,USA|Canada,English,https://letterboxd.com/film/zootopia-2/,2026-05-04
Bugonia,2025,Thriller|Science Fiction|Comedy,118,3.85,625400625400023003454664915020260503202520200509568632738517405000,686327,Ireland|South Korea|USA|Canada,English,https://letterboxd.com/film/bugonia/,2026-05-04
Send Help,2026,Thriller|Horror|Comedy,113,3.4,108411710841170230034598917355202605032020202611202311015301094346738620,301094,USA,English,https://letterboxd.com/film/send-help/,2026-05-04
Sentimental Value,2025,Drama,133,4.15,1013357101335720250230034589643092026050315202520251211120230510202553662534159163650,366253,Turkey|Norway|France|Denmark|Sweden|Germany|UK,Norwegian|English|German|Norwegian|Swedish,https://letterboxd.com/film/sentimental-value-2025/,2026-05-04
28 Years Later: The Bone Temple,2026,Horror|Science Fiction|Thriller|here,109,3.86,115640911564092802300345131058620260503202628131120240411282852861723866745120,286172,UK|USA,English,https://letterboxd.com/film/28-years-later-the-bone-temple/,2026-05-04
No Other Choice,2025,Crime|Comedy|Thriller,140,4.09,5659525659522025023003458742952026050312025202511112120191017202552905064097594420,290506,South Korea|France,Korean|English|Korean,https://letterboxd.com/film/no-other-choice-2025/,2026-05-04
The Super Mario Galaxy Movie,2026,Adventure|Fantasy|Family|Animation|Comedy,98,2.91,11100801110080023003451342026050320261112024010652765262915732540,276526,Japan|USA,English,https://letterboxd.com/film/the-super-mario-galaxy-movie/,2026-05-04
Wake Up Dead Man,2025,Comedy|Thriller|Mystery,145,3.78,72911372911302300345853366617202605012025120210401574914337821138250,749143,USA,English,https://letterboxd.com/film/wake-up-dead-man/,2026-05-04
Avatar: Fire and Ash,2025,Adventure|Fantasy|Science Fiction,198,3.55,70007700070230034552835120260503202020251181420120112554392435514120630,543924,USA,English,https://letterboxd.com/film/avatar-fire-and-ash/,2026-05-04
Frankenstein,2025,Fantasy|Drama|Horror|Science Fiction|here,150,3.82,958100958100202502300345491230520260503772025202511111712113673202212182025591919738225015140,919197,USA|Canada,English|Danish|English|French,https://letterboxd.com/film/frankenstein-2025/,2026-05-04
Hoppers,2026,Science Fiction|Animation|Adventure|Comedy|Family|here,105,3.78,1207557120755702300345771175720260503202622024081052488213785313000,248821,USA,English|English|Spanish,https://letterboxd.com/film/hoppers/,2026-05-04
Michael,2026,Music|Drama,128,3.6,841103841103202602300345184784020260503122026202611122222022020820265285465365827540,285465,USA,English,https://letterboxd.com/film/michael-2026/,2026-05-04
The Secret Agent,2025,Crime|Thriller|Drama,161,3.81,11043481104348202502300345323022026043015112025202511120231221202552462853816077820,246285,Brazil|France|Germany|Netherlands|Argentina,Portuguese|English|German|Portuguese,https://letterboxd.com/film/the-secret-agent-2025/,2026-05-04
Train Dreams,2025,Drama,102,4.06,1125383112538302300345557405420260503202515112024020952826064066865290,282606,USA,English|Chinese|English,https://letterboxd.com/film/train-dreams/,2026-05-04
Scream 7,2026,Horror|Crime|Mystery,114,2.24,,212844,USA,English,https://letterboxd.com/film/scream-7/,2026-05-04
Eternity,2025,Romance|Drama|Comedy,114,3.71,114339011433902025102300345980553202605032424202520251111211312202403152025153187473717289790,318747,USA,English,https://letterboxd.com/film/eternity-2025-1/,2026-05-04
Weapons,2025,Horror|Mystery,129,3.61,972109972109202502300345810027033720260503202520252023012620255105058236128546710,1050582,USA,English,https://letterboxd.com/film/weapons-2025/,2026-05-04
The Devil Wears Prada,2006,Comedy|Drama,109,3.83,5171251712023003456593302026050320002000200612871320110622551520038329373720,515200,USA,English|English|French,https://letterboxd.com/film/the-devil-wears-prada/,2026-05-04
Dead Poets Society,1989,Drama,129,4.35,518465184602300345927387202605031989216420110622577689143535382200,776891,USA,English|English|Latin,https://letterboxd.com/film/dead-poets-society/,2026-05-04
Interstellar,2014,Science Fiction|Drama|Adventure,169,4.44,117621117621023003457896666202605031201411120130111588257044456111540,882570,UK|USA,English,https://letterboxd.com/film/interstellar/,2026-05-04
La La Land,2016,Drama|Comedy|Romance,129,4.12,24034424034402300345053670842026050320161193311111312113120141224599255741246362810,992557,USA,English,https://letterboxd.com/film/la-la-land/,2026-05-04
F1,2025,Drama|Action,156,3.64,8179778179771023003455299920260503202512141111112111211132021120411563028836418449640,630288,USA,English|Danish|English|German|Spanish,https://letterboxd.com/film/f1/,2026-05-04
The Perks of Being a Wallflower,2012,Drama,103,4.02,7133871338023003452235860720260503201211120120122561109940231235410,611099,USA,English,https://letterboxd.com/film/the-perks-of-being-a-wallflower/,2026-05-04
Fight Club,1999,Drama|Thriller,139,4.27,5156851568023003457683242026050320002000202019991111111111111111111120110622572190642753256490,721906,Germany|USA,English,https://letterboxd.com/film/fight-club/,2026-05-04
The Rip,2026,Action|Crime|Thriller,113,3.11,11874461187446202602300345768630352026050320262026131120240619202651042193113256170,104219,USA,English|English|Spanish,https://letterboxd.com/film/the-rip-2026/,2026-05-04
10 Things I Hate About You,1999,Comedy|Drama|Romance,97,4.05,4904749047100230034555354220260503199910112201106221010571539540538219950,715395,USA,English|English|French,https://letterboxd.com/film/10-things-i-hate-about-you/,2026-05-04
If I Had Legs I’d Kick You,2025,Drama,113,3.67,10465221046522023003458310769202605032424112025172023080551721813673597560,172181,USA,English|English|Spanish,https://letterboxd.com/film/if-i-had-legs-id-kick-you/,2026-05-04
Ready or Not 2: Here I Come,2026,Comedy|Horror,108,3.36,11501131150113202300345353585202605032026213202403302251367403362955350,136740,USA,English|Chinese|English|Spanish,https://letterboxd.com/film/ready-or-not-2-here-i-come/,2026-05-04
Kill Bill: Vol. 1,2003,Crime|Action,111,4.22,24950056337023003455655202202605011200311112011061511547335642231498270,473356,USA,English|English|Japanese|French,https://letterboxd.com/film/kill-bill-vol-1/,2026-05-04
Good Will Hunting,1997,Drama,127,4.38,51621516210230034547662026050311997121120110622550248943831681900,502489,USA,English,https://letterboxd.com/film/good-will-hunting/,2026-05-04
Whiplash,2014,Drama|Music|Thriller,107,4.42,1490330230034513365282026050320142014201312232014575598244243122730,755982,USA,English,https://letterboxd.com/film/whiplash-2014/,2026-05-04
The Grand Budapest Hotel,2014,Comedy|Drama,100,4.24,951139511302300345671420260503201411220120718545989342431015680,459893,USA|Germany,English|English|French,https://letterboxd.com/film/the-grand-budapest-hotel/,2026-05-04
Iron Lung,2026,Mystery|Science Fiction|Horror,125,3.17,1006159100615902300345326747669202605012026211212023042251532693172658990,153269,USA,English,https://letterboxd.com/film/iron-lung/,2026-05-04
The Lord of the Rings: The Fellowship of the Ring,2001,Adventure|Action|Fantasy,179,4.39,306191702300345308241202605032001111611121111111115711113111111111120110622540791143928818900,407911,New Zealand|USA,English,https://letterboxd.com/film/the-lord-of-the-rings-the-fellowship-of-the-ring/,2026-05-04
Parasite,2019,Thriller|Comedy|Drama,133,4.53,42640642640602300345856537102026050320192019112144111201801042019569941545353159280,699415,South Korea,Korean|English|German|Korean,https://letterboxd.com/film/parasite-2019/,2026-05-04
Anaconda,2025,Comedy|Horror|Adventure,100,2.46,,137665,USA,English,https://letterboxd.com/film/anaconda-2025/,2026-05-04
Eternal Sunshine of the Spotless Mind,2004,Science Fiction|Romance|Drama,108,4.24,17039100230034511662140120260503200420110615569496142434571590,694961,USA,English,https://letterboxd.com/film/eternal-sunshine-of-the-spotless-mind/,2026-05-04
The Bride!,2026,Horror|Science Fiction|Fantasy,127,2.86,10457671045767202602300345115412420260503120262026111141120230803202651146062862208620,114606,USA,English,https://letterboxd.com/film/the-bride-2026/,2026-05-04
The Silence of the Lambs,1991,Crime|Thriller|Horror|Drama,119,4.34,517825178202300345188842026050319911111120110622539786843430154220,397868,USA,English,https://letterboxd.com/film/the-silence-of-the-lambs/,2026-05-04
(500) Days of Summer,2009,Romance|Comedy|Drama,95,3.65,3935039350500023003450599503202605032009500212123317220110620500500568615836530160290,686158,USA,English|English|French|Swedish,https://letterboxd.com/film/500-days-of-summer/,2026-05-04
28 Years Later,2025,Science Fiction|Thriller|Horror,115,3.44,99278699278628023003450140906620260503202528113111212202303172828546788734412810150,467887,UK|USA,English|English|Swedish,https://letterboxd.com/film/28-years-later/,2026-05-04
Rental Family,2025,Drama|Comedy,110,3.87,1092778109277820250230034536948202605032025202512111320231122202551128643872992500,112864,USA,English|English|Japanese,https://letterboxd.com/film/rental-family-2025/,2026-05-04
Call Me by Your Name,2017,Romance|Drama,132,3.85,997400230034500732420260503201720160523560007438529560350,600074,Brazil|France|Italy|USA,English|French|English|Italian,https://letterboxd.com/film/call-me-by-your-name/,2026-05-04
Inglourious Basterds,2009,War|Drama|Thriller,153,4.36,41352413520230034507467302026050320092120110620542860543635474790,428605,Germany|USA,English|German|English|French|Italian,https://letterboxd.com/film/inglourious-basterds/,2026-05-04
Peaky Blinders: The Immortal Man,2026,Crime|Drama,112,3.13,78784978784902300345423635412026050320261331202109215901193132601080,90119,UK,English,https://letterboxd.com/film/peaky-blinders-the-immortal-man/,2026-05-04
KPop Demon Hunters,2025,Fantasy|Comedy|Music|Animation,96,3.55,72095372095302300345107464274202605032025521111120210309572018935517687960,720189,USA,English|English|Korean,https://letterboxd.com/film/kpop-demon-hunters/,2026-05-04
Crime 101,2026,Crime|Thriller,141,3.1,10581321058132101023003454322420260503202610116122120230830101101587279312328010,87279,UK|USA,English,https://letterboxd.com/film/crime-101/,2026-05-04
Primate,2025,Horror|Thriller,89,2.57,11960861196086202502300345126982026043018181202520251620240711202551123432572275720,112343,USA,English,https://letterboxd.com/film/primate-2025/,2026-05-04
Louis Theroux: Inside the Manosphere,2026,Documentary,89,3.23,1499917149991702300345901412026043020262202602125790433231877680,79043,UK,English,https://letterboxd.com/film/louis-theroux-inside-the-manosphere/,2026-05-04
Pulp Fiction,1994,Comedy|Thriller|Crime,154,4.24,514445144402300345198077202605031199420110622545190942441606710,451909,USA,English|English|Spanish|French,https://letterboxd.com/film/pulp-fiction/,2026-05-04
The Notebook,2004,Romance|Drama,123,3.87,45667456670230034586784302026050320041231112220110620548718438725117260,487184,USA,English,https://letterboxd.com/film/the-notebook/,2026-05-04
Uptown Girls,2003,Drama|Comedy,92,4.02,42706427060230034569719320260503120031112011062052677544027965880,267754,USA,English,https://letterboxd.com/film/uptown-girls/,2026-05-04
Dune,2021,Science Fiction|Adventure,155,3.89,808480302300345491275120260503120212021111243201702022021573166638940322870,731666,USA,English,https://letterboxd.com/film/dune-2021/,2026-05-04
How to Lose a Guy in 10 Days,2003,Comedy|Romance,116,3.79,297697928302300345422264820260503120031021201106201010546802837921249280,468028,USA,English,https://letterboxd.com/film/how-to-lose-a-guy-in-10-days/,2026-05-04
Se7en,1995,Mystery|Crime|Thriller,127,4.37,513455134570230034576146420260503199573242011062277548205943735004360,482059,USA,English,https://letterboxd.com/film/se7en/,2026-05-04
The Truman Show,1998,Comedy|Drama,103,4.22,45023003457043937202604301199831161120110618551070642246330080,510706,USA,English|Japanese|English|Italian|Spanish,https://letterboxd.com/film/the-truman-show/,2026-05-04
The Moment,2026,Music|Comedy|Thriller,103,3.44,1301704130170420260230034500166340442026050336536524241222026202623620250124202651052613441757080,105261,USA,English,https://letterboxd.com/film/the-moment-2026/,2026-05-04
Dune: Part Two,2024,Adventure|Science Fiction,167,4.38,617443617443023003455337008202605031202413320200415589831543832861560,898315,USA,English,https://letterboxd.com/film/dune-part-two/,2026-05-04
Shutter Island,2010,Mystery|Drama|Thriller,138,4.18,4540945409023003458543832026050312010220110620534734441833443160,347344,USA,English|English|German,https://letterboxd.com/film/shutter-island/,2026-05-04
Me Before You,2016,Drama|Romance,110,3.55,223393223393023003457105012026050311201611220141005526155935513090600,261559,USA,English,https://letterboxd.com/film/me-before-you/,2026-05-04
Little Miss Sunshine,2006,Drama|Comedy,102,4.21,674550230034509383296620260503120061320110622546716742122008700,467167,USA,English,https://letterboxd.com/film/little-miss-sunshine/,2026-05-04
27 Dresses,2008,Romance|Comedy,111,3.42,48255482552702300345632890912026042120002000200827121220110622272752108023427607570,210802,USA,English,https://letterboxd.com/film/27-dresses/,2026-05-04
Pillion,2025,Drama|Romance|Comedy,107,3.54,1170433117043320250230034568045852026050311202520251333122024050920255969633541980960,96963,UK|Ireland|Netherlands,English,https://letterboxd.com/film/pillion-2025/,2026-05-04
Ready or Not,2019,Horror|Comedy,95,3.5,495969495969023003451327968202605032019201920181210201952995143512527240,299514,USA,English,https://letterboxd.com/film/ready-or-not-2019/,2026-05-04
The Substance,2024,Horror|Science Fiction,141,3.73,8381408381400230034591072820260503120242211111251113202202015122062037334787040,1220620,France|UK|USA,English,https://letterboxd.com/film/the-substance/,2026-05-04
Avatar,2009,Adventure|Science Fiction|Action,162,3.75,12730230034505982026050320201200911120110620529875237529443950,298752,USA|UK,English|English|Spanish,https://letterboxd.com/film/avatar/,2026-05-04
undertone,2025,Horror|Mystery,94,2.98,135740813574082025102300345416159620260502202520252201920250514202551031472981904410,103147,Canada|USA,English,https://letterboxd.com/film/undertone-2025/,2026-05-04
Get Out,2017,Horror|Mystery|Thriller,104,4.14,3531173531170230034513603020260503201720171121201610052017547323741443434710,473237,USA,English,https://letterboxd.com/film/get-out-2017/,2026-05-04
How to Make a Killing,2026,Comedy|Thriller,105,3.16,399504399504202602300345294844202605032202620261317115432332017072620265823603161889690,82360,UK|France|South Africa,English|English|French,https://letterboxd.com/film/how-to-make-a-killing-2026/,2026-05-04
The Lord of the Rings: The Two Towers,2002,Action|Fantasy|Adventure,179,4.43,5192951929023003459609783202605032002111111121111111117111320110622527004544321497820,270045,New Zealand|USA,English,https://letterboxd.com/film/the-lord-of-the-rings-the-two-towers/,2026-05-04
I Swear,2025,History|Drama,120,4.25,11978421197842023003458019138202605032202511133111113202407165771964252328790,77196,UK|Ireland,English,https://letterboxd.com/film/i-swear/,2026-05-04
Die My Love,2025,Drama,119,3.18,93148093148002300345057320260503202512022100951921113184593210,192111,USA,English,https://letterboxd.com/film/die-my-love/,2026-05-04
Twilight,2008,Drama|Fantasy|Romance,122,3.08,4746947469023003453476282026050312008200814201106212008554237230821769220,542372,UK|USA,English,https://letterboxd.com/film/twilight-2008/,2026-05-04
"Good Luck, Have Fun, Don’t Die",2025,Action|Science Fiction|Comedy,134,3.38,10092371009237023003457900748202605033320252311251202304305829633381828200,82963,USA|Germany,English,https://letterboxd.com/film/good-luck-have-fun-dont-die/,2026-05-04
American Psycho,2000,Crime|Drama|Thriller|Horror,102,3.77,5976310230034581268503152026050212000120110622554373337737398630,543733,Canada|USA,English|English|Spanish|Cantonese,https://letterboxd.com/film/american-psycho/,2026-05-04
Catch Me If You Can,2002,Drama|Crime,141,4.05,51484514840230034594267642320260428200220021111111201106222002522555440523857660,225554,USA,English|English|French,https://letterboxd.com/film/catch-me-if-you-can-2002/,2026-05-04
Knives Out,2019,Mystery|Comedy|Crime,131,3.96,475370475370023003457767422026043012019201915112811201809052019551497939640111660,514979,USA,English|Spanish|English,https://letterboxd.com/film/knives-out-2019/,2026-05-04
Black Swan,2010,Drama|Thriller|Horror,108,4.17,9014460230034557146442026050320101111120110618551333341730506460,513333,USA,English|English|French|Italian,https://letterboxd.com/film/black-swan/,2026-05-04
It Was Just an Accident,2025,Thriller|Drama|Crime|Mystery,103,3.97,13334981333498023003451927462202605035202512025033151009863973072890,100986,Iran|France|Luxembourg,Persian (Farsi)|Azerbaijani|Persian (Farsi),https://letterboxd.com/film/it-was-just-an-accident/,2026-05-04
Roommates,2026,Comedy,108,2.94,13872371387237202602300345910439620260503120262026141113112025071020265918252941894350,91825,USA,English,https://letterboxd.com/film/roommates-2026/,2026-05-04
The Lord of the Rings: The Return of the King,2003,Action|Fantasy|Adventure,201,4.55,456502300345489052852026050320031111111121111111420110622528036745521977240,280367,New Zealand|USA,English,https://letterboxd.com/film/the-lord-of-the-rings-the-return-of-the-king/,2026-05-04
Superman,2025,Science Fiction|Adventure|Action,130,3.83,957050957050202502300345544155202605032025202531133212022121520255126844038330072290,1268440,USA,English|Spanish|English,https://letterboxd.com/film/superman-2025/,2026-05-04
Materialists,2025,Romance|Drama,116,2.89,1024562102456202300345347033320260429242422202512211220230608555159628913252560,551596,USA|Finland,English,https://letterboxd.com/film/materialists/,2026-05-04
Wicked: For Good,2025,Adventure|Fantasy|Romance,137,3.41,8711488711480230034513306912202605032025531461113143191312311162520220427557932434112511220,579324,USA,English,https://letterboxd.com/film/wicked-for-good/,2026-05-04
Predator: Badlands,2025,Science Fiction|Action|Adventure,107,3.5,11258091125809023003450568620260503202020254202402105177389354802350,177389,USA,English|English|French,https://letterboxd.com/film/predator-badlands/,2026-05-04
Kill Bill: Vol. 2,2004,Thriller|Action|Crime,136,4.1,7848147023003455290773020250803120042111116201106222252417954117427910,241795,USA,English|English|Chinese|Spanish|Cantonese,https://letterboxd.com/film/kill-bill-vol-2/,2026-05-04
The Hunger Games,2012,Action|Science Fiction|Thriller|Adventure,142,3.81,34765910230034541620260503120121112120110831539673738130138150,396737,USA,English,https://letterboxd.com/film/the-hunger-games/,2026-05-04
Sirāt,2025,Thriller|Drama,115,3.56,10377771037777202502300345166012920260503444420252025120230713202551220693562901420,122069,Spain|France,Spanish|English|Arabic|Spanish|French,https://letterboxd.com/film/sirat-2025/,2026-05-04
"Crazy, Stupid, Love.",2011,Comedy|Romance|Drama,118,3.71,1505115051023003452624415202605032011111420110617529023037115036420,290230,USA,English,https://letterboxd.com/film/crazy-stupid-love/,2026-05-04
Nirvanna the Band the Show the Movie,2025,Comedy|Adventure|Science Fiction,100,4.31,10410121041012023003454808287202605032025728112023072251026534311567330,102653,Canada,English,https://letterboxd.com/film/nirvanna-the-band-the-show-the-movie/,2026-05-04
Pride & Prejudice,2005,Drama|Romance,128,4.14,260590230034533720260503200520110622553804241420787130,538042,France|UK|USA,English,https://letterboxd.com/film/pride-prejudice/,2026-05-04
Beautiful Boy,2018,Drama,121,4.06,3840583840580230034592671502026043020182018201704132018539622640616159910,396226,USA,English,https://letterboxd.com/film/beautiful-boy-2018/,2026-05-04
GOAT,2026,Family|Animation|Comedy,100,3.38,1179953117995320260230034535772026050320262026211112112024060120265835983381802680,83598,USA,English,https://letterboxd.com/film/goat-2026/,2026-05-04
The Dark Knight,2008,Thriller|Action|Crime,152,4.49,78526874502300345204252026050312008111111111111111111111111111131111111211111121112111120110622540565444942661030,405654,UK|USA,English|English|Chinese,https://letterboxd.com/film/the-dark-knight/,2026-05-04
The Wolf of Wall Street,2013,Comedy|Drama|Crime,180,4.0,8611486114023003452958612026050320132111111112121201205065341376439272480,341376,USA,English|English|French,https://letterboxd.com/film/the-wolf-of-wall-street/,2026-05-04
Eyes Wide Shut,1999,Thriller|Drama|Mystery,160,3.99,5171751717023003457010402202605031999111111111120170323532839439913419930,328394,UK|USA,English,https://letterboxd.com/film/eyes-wide-shut/,2026-05-04
Fantastic Mr. Fox,2009,Comedy|Animation|Family|Adventure,87,4.3,46344463440230034532858065202508072009212011062055211054327087650,521105,USA,English|English|French|Latin,https://letterboxd.com/film/fantastic-mr-fox/,2026-05-04
Together,2025,Horror|Romance,102,3.27,1125397112539720250230034568413202604251303012112120252025193620240209202553110463277431860,311046,Australia|USA,English,https://letterboxd.com/film/together-2025/,2026-05-04
The Godfather,1972,Crime|Drama,175,4.52,5181851818023003458674022025080711972111120110622537722945226475190,377229,USA,English|Latin|English|Italian,https://letterboxd.com/film/the-godfather/,2026-05-04
Spider-Man: Into the Spider-Verse,2018,Adventure|Animation|Action|Science Fiction,117,4.39,2519432519430230034553806202605032018111141320180617546552843944058470,465528,USA,English|English|Japanese|Spanish,https://letterboxd.com/film/spider-man-into-the-spider-verse/,2026-05-04
Avatar: The Way of Water,2022,Science Fiction|Action|Adventure,192,3.63,6305863058023003453269692026050320202022182120111019547468236325428490,474682,USA,English,https://letterboxd.com/film/avatar-the-way-of-water/,2026-05-04
Lady Bird,2017,Comedy|Drama,94,3.82,326279326279023003457542842026042436036020171120160407551659938229886220,516599,USA,English,https://letterboxd.com/film/lady-bird/,2026-05-04
Inception,2010,Action|Adventure|Science Fiction,148,4.23,95940230034530722431620260503120101766411111111111211112111120110619535703842339574160,357038,UK|USA,English|English|French|Japanese|Swahili,https://letterboxd.com/film/inception/,2026-05-04
When Harry Met Sally…,1989,Drama|Romance|Comedy,96,4.07,5148551485023003452277272026050319891121120110622536421740712013700,364217,USA,English,https://letterboxd.com/film/when-harry-met-sally/,2026-05-04
Bones and All,2022,Horror|Drama|Romance,131,3.74,2023003456694920260503332022211312120210129543906537412045650,439065,Italy|USA,English,https://letterboxd.com/film/bones-and-all/,2026-05-04
War Machine,2026,Action|Science Fiction|Thriller,110,2.63,11496761149676202602300345755012620260503120262026232024032820265590212631863950,59021,Australia|USA,English,https://letterboxd.com/film/war-machine-2026/,2026-05-04
Forrest Gump,1994,Drama|Romance|Comedy,142,4.18,27042704023003451730402026050311994413111111111111115111111113112111111121113111214111111111111111311111120110615530255841838298290,302558,USA,English,https://letterboxd.com/film/forrest-gump/,2026-05-04
Little Women,2019,Drama|Romance,135,4.18,4581002300345360392920260502201920191211111201503212019555889841827830430,558898,USA,English|French|English,https://letterboxd.com/film/little-women-2019/,2026-05-04
Challengers,2024,Romance|Drama,132,3.83,842301842301023003457632026050320241154202202125104335738327654280,1043357,Italy|USA,English|English|Romanian,https://letterboxd.com/film/challengers/,2026-05-04
The Devil Wears Prada 2,2026,Comedy|Drama,119,3.4,1195586119558620230034509556920260503202020262253120240709225129223342706190,129223,USA,English,https://letterboxd.com/film/the-devil-wears-prada-2/,2026-05-04
The Shawshank Redemption,1994,Crime|Drama,142,4.59,74669023003458736139520260503199411111111123120110622528396345927496590,283963,USA,English,https://letterboxd.com/film/the-shawshank-redemption/,2026-05-04
Legally Blonde,2001,Comedy,96,3.83,50,301696,USA,English|Hungarian|English,https://letterboxd.com/film/legally-blonde/,2026-05-04
Mercy,2026,Science Fiction|Action|Thriller,100,2.47,,65927,USA,English,https://letterboxd.com/film/mercy-2026/,2026-05-04
Thrash,2026,Horror|Thriller,84,1.79,,68817,USA,English|English|French,https://letterboxd.com/film/thrash-2026/,2026-05-04
Fargo,1996,Crime|Comedy|Drama|Thriller,98,4.15,5178151781023003454483533520260503199611111120110622525342041513492000,253420,UK|USA,English,https://letterboxd.com/film/fargo/,2026-05-04
Donnie Darko,2001,Drama|Fantasy|Mystery,114,3.97,322468183023003453999620260503120011120110622543606039722737080,436060,USA,English,https://letterboxd.com/film/donnie-darko/,2026-05-04
Mamma Mia!,2008,Comedy|Romance,108,3.86,50,431467,Germany|UK|USA,English|English|Greek (modern),https://letterboxd.com/film/mamma-mia/,2026-05-04
Five Nights at Freddy’s 2,2025,Horror|Thriller,104,2.56,111188311118832023003453829762026050320252111221198811202401102253636302567540510,363630,USA,English|English|French,https://letterboxd.com/film/five-nights-at-freddys-2/,2026-05-04
Spirited Away,2001,Family|Fantasy|Animation,125,4.44,5192151921023003453463552026050321200121114120110622539772644436005750,397726,Japan,Japanese,https://letterboxd.com/film/spirited-away/,2026-05-04
Barbie,2023,Comedy|Fantasy|Adventure,114,3.69,277064277064023003451837712026050320231211121111191263117112112917201506295115343036955825070,1153430,UK|USA,English,https://letterboxd.com/film/barbie/,2026-05-04
Nuremberg,2025,History|Drama,149,3.52,109878210987822025023003459549842026043012025202511112023120820255743733522558920,74373,USA|Hungary,English|English|German,https://letterboxd.com/film/nuremberg-2025/,2026-05-04
Lee Cronin’s The Mummy,2026,Horror|Mystery,133,2.73,1186318118631802300345752399020260503202613202406165762652731554640,76265,USA|Ireland,English|English|Spanish,https://letterboxd.com/film/lee-cronins-the-mummy/,2026-05-04
The Ugly Stepsister,2025,Drama|Comedy|Horror|here,109,3.64,116765711676570230034557455202604241202512024050351895673644804830,189567,Denmark|Norway|Poland|Sweden,Norwegian|Norwegian|Polish|Swedish,https://letterboxd.com/film/the-ugly-stepsister/,2026-05-04
Zootopia,2016,Animation|Family|Comedy|Adventure|here,109,3.77,1924101924100230034522922026050320162231920140511519742337720196530,197423,USA,English,https://letterboxd.com/film/zootopia/,2026-05-04
Uncut Gems,2019,Crime|Thriller|Drama,136,3.95,4042664042660230034567070342026042924242019111120170829531049739516904700,310497,USA,English|English|Hebrew (modern),https://letterboxd.com/film/uncut-gems/,2026-05-04
Pitch Perfect,2012,Music|Comedy|Romance,112,3.62,90317023003451344920260411201211211131120120612527040136213044390,270401,USA,English,https://letterboxd.com/film/pitch-perfect/,2026-05-04
28 Days Later,2002,Science Fiction|Horror|Thriller,113,3.72,283153023003452272379202605032002281201106222828531879537213644630,318795,UK,English|Spanish|English,https://letterboxd.com/film/28-days-later/,2026-05-04
Bottoms,2023,Comedy,91,3.8,73122273122202300345118736882026050312023111622021040756381993814437600,638199,USA,English,https://letterboxd.com/film/bottoms/,2026-05-04
Before Sunrise,1995,Romance|Drama,101,4.3,51974519740230034500682026050319952011062254101444314327030,410144,Austria|USA,English|English|German|French,https://letterboxd.com/film/before-sunrise/,2026-05-04
The Long Walk,2025,Horror|Science Fiction|Thriller,108,3.51,53131653131620250230034590245202605031202520253121151620190523202553309653518441960,330965,USA,English,https://letterboxd.com/film/the-long-walk-2025/,2026-05-04
Mulholland Drive,2001,Drama|Mystery|Thriller,147,4.26,78825302300345369006082026043020012121120110622536746242612299140,367462,France|USA,English|Spanish|English,https://letterboxd.com/film/mulholland-drive/,2026-05-04
Spider-Man: Across the Spider-Verse,2023,Animation|Science Fiction|Adventure|Action,140,4.4,4976314976310230034521820260503202311113112018121857201954435678350,720195,USA,English|English|Hindi|Italian|Spanish,https://letterboxd.com/film/spider-man-across-the-spider-verse/,2026-05-04
Glass Onion,2022,Crime|Mystery|Comedy,140,3.37,586723586723023003459616120260502202213120200107549699333728267780,496993,USA,English,https://letterboxd.com/film/glass-onion/,2026-05-04
Blue Velvet,1986,Crime|Mystery|Thriller,120,4.06,51359513590230034503206202605011198622011062252827504069206430,282750,USA,English,https://letterboxd.com/film/blue-velvet/,2026-05-04
Scream,1996,Mystery|Crime|Horror,112,4.02,4945549455023003458366302026050311996120110622548064640221538870,480646,USA,English,https://letterboxd.com/film/scream/,2026-05-04
Django Unchained,2012,Drama|Western,165,4.33,5251652516023003450263320260501201211111111120110711528110743331804010,281107,USA,English|English|French|German,https://letterboxd.com/film/django-unchained/,2026-05-04
The Hunger Games: Catching Fire,2013,Science Fiction|Adventure|Action,146,3.94,6836941023003459058202605031201311320120411533370639421944610,333706,USA,English,https://letterboxd.com/film/the-hunger-games-catching-fire/,2026-05-04
Everything Everywhere All at Once,2022,Science Fiction|Adventure|Comedy|Action,140,4.24,4744744744740230034528110412202605032424202226520180831584517242438546630,845172,USA,English|Cantonese|Chinese|English,https://letterboxd.com/film/everything-everywhere-all-at-once/,2026-05-04
The Running Man,2025,Thriller|Science Fiction|Action,134,3.13,,191873,USA|UK,English,https://letterboxd.com/film/the-running-man-2025/,2026-05-04
The Shining,1980,Horror|Thriller,144,4.22,72065102300345889642026050319801120110622542031242231092760,420312,UK|USA,English,https://letterboxd.com/film/the-shining/,2026-05-04
Stand by Me,1986,Drama|Crime,89,4.19,5182151821023003453163520260503198611120110622524011041912050340,240110,USA,English,https://letterboxd.com/film/stand-by-me/,2026-05-04
Harry Potter and the Philosopher’s Stone,2001,Adventure|Fantasy,152,3.82,56620230034500534932026050314921492200111114220110622531530638229072430,315306,UK|USA,English,https://letterboxd.com/film/harry-potter-and-the-philosophers-stone/,2026-05-04
Spider-Man,2002,Action|Science Fiction,121,3.86,5156151561023003457394840420260503200211181120110622524468938624486200,244689,USA,English,https://letterboxd.com/film/spider-man/,2026-05-04
Lost in Translation,2003,Comedy|Romance|Drama,102,3.76,565834697023003456814202605031200391191120110622527502237614737030,275022,UK|USA,English|Japanese|English,https://letterboxd.com/film/lost-in-translation/,2026-05-04
Harry Potter and the Prisoner of Azkaban,2004,Adventure|Fantasy,141,4.14,30882502300345628526020260503149214922004112211220110622532069141429226990,320691,UK|USA,English,https://letterboxd.com/film/harry-potter-and-the-prisoner-of-azkaban/,2026-05-04
Arrival,2016,Mystery|Science Fiction|Drama,116,4.14,34527023003450282202605032121201620161111201503112016532985841424689740,329858,USA,English|Chinese|English|Russian,https://letterboxd.com/film/arrival-2016/,2026-05-04
Mean Girls,2004,Comedy|Drama,97,3.82,46049460490230034563787202605021120041120110620538708238230799100,387082,USA,English|Swahili|English|German|Vietnamese,https://letterboxd.com/film/mean-girls/,2026-05-04
Oldboy,2003,Thriller|Mystery|Drama|Action,120,4.36,51454514540230034529420260503200311211520110622533018343615199940,330183,South Korea,Korean,https://letterboxd.com/film/oldboy/,2026-05-04
Scott Pilgrim vs. the World,2010,Romance|Action|Comedy,113,3.88,75022553302300345320952026041622010111111120110619546143938825006410,461439,Japan|UK|USA,English,https://letterboxd.com/film/scott-pilgrim-vs-the-world/,2026-05-04
Prisoners,2013,Thriller|Crime|Drama,153,4.33,4379686023003457787882026042783883820131120121128531490743321864640,314907,USA,English,https://letterboxd.com/film/prisoners/,2026-05-04
Exit 8,2025,Mystery|Horror,95,3.14,129071812907188023003455838666420260503120258120241227885743073141812440,74307,Japan,Japanese,https://letterboxd.com/film/exit-8/,2026-05-04
Aftersun,2022,Drama,101,4.21,8685588685580230034552118202605021112022220220420553363942115533810,533639,UK|USA,English|Turkish|English|Spanish,https://letterboxd.com/film/aftersun/,2026-05-04
Pizza Movie,2026,Comedy,98,3.02,13705671370567202602300345166006920260503202620261151111122025060720265738053021251200,73805,USA,English,https://letterboxd.com/film/pizza-movie-2026/,2026-05-04
Pretty Lethal,2026,Horror|Music|Action|Thriller,89,2.62,97735997735902300345355400202605028787202611202302095630622621296420,63062,USA|Hungary|UK,English|English|Hungarian,https://letterboxd.com/film/pretty-lethal/,2026-05-04
Ratatouille,2007,Family|Fantasy|Animation|Comedy,111,4.23,8882602300345251304502026050320071120110622529679242335862620,296792,USA,English|English|French,https://letterboxd.com/film/ratatouille/,2026-05-04
Mickey 17,2025,Comedy|Adventure|Science Fiction,137,3.56,620281620281170230034593426202605032025171131202004241717571517635621630380,715176,USA|UK,English,https://letterboxd.com/film/mickey-17/,2026-05-04
Anora,2024,Drama|Romance|Comedy,139,3.79,95954095954002300345692877033202605032024220221222584358737924161490,843587,USA,English|English|Russian|Armenian,https://letterboxd.com/film/anora/,2026-05-04
Blue Moon,2025,Drama|History|Comedy|Music,100,3.58,118146311814632025023003457580202605032025202511212024060420255792813581715020,79281,Ireland|USA,English|English|German|Hebrew (modern),https://letterboxd.com/film/blue-moon-2025/,2026-05-04
12 Angry Men,1957,Drama,97,4.63,5170051700120230034582919202605021957121201106221212529059546314725270,290595,USA,English,https://letterboxd.com/film/12-angry-men/,2026-05-04
Roofman,2025,Comedy|Crime|Drama,126,3.46,112503311250330230034501787712026050325151120255221112024020951194773463317970,119477,USA,English,https://letterboxd.com/film/roofman/,2026-05-04
Zodiac,2007,Crime|Mystery|Thriller,157,4.02,58614958702300345725942202604301200721111122120110622524043140218942310,240431,USA,English,https://letterboxd.com/film/zodiac/,2026-05-04
Howl’s Moving Castle,2004,Animation|Fantasy|Adventure,119,4.36,490624906202300345815220260422220042112311111120110622535555343624414160,355553,Japan,Japanese,https://letterboxd.com/film/howls-moving-castle/,2026-05-04
"Sorry, Baby",2025,Comedy|Drama,103,4.06,109046410904642025023003450117202026050211202520251118120231117202551394364063407790,139436,USA|France|Spain,English,https://letterboxd.com/film/sorry-baby-2025/,2026-05-04
It,2017,Drama|Thriller|Horror,135,3.46,34776685023003456038320260503201720171111201506282017530338834627728030,303388,USA,English,https://letterboxd.com/film/it-2017/,2026-05-04
Superbad,2007,Comedy,113,3.89,4777647776023003454368620260503200720110622531976538921861510,319765,USA,English,https://letterboxd.com/film/superbad/,2026-05-04
Is This Thing On?,2025,Comedy|Drama,121,3.41,2053023003453716494820260503202520251111212962023061520255604943411263340,60494,UK|USA,English,https://letterboxd.com/film/is-this-thing-on-2025/,2026-05-04
Bring Her Back,2025,Horror,104,3.68,103762710376270230034517720260503242420254132023071353751503689616940,375150,Australia|USA,English,https://letterboxd.com/film/bring-her-back/,2026-05-04
Gone Girl,2014,Drama|Mystery|Thriller,149,4.07,149857149857023003453801820260503202020141111120130729545654640730370450,456546,USA,English,https://letterboxd.com/film/gone-girl/,2026-05-04
Perfect Blue,1997,Thriller|Animation|Horror,82,4.38,4617546175023003451587820260503111997120110620530149743811941620,301497,Japan,Japanese,https://letterboxd.com/film/perfect-blue/,2026-05-04
Once Upon a Time… in Hollywood,2019,Thriller|Drama|Comedy,162,3.77,397859397859023003453861285420260503201911113420170714538385037730588110,383850,China|UK|USA,English|English|Italian|Spanish,https://letterboxd.com/film/once-upon-a-time-in-hollywood/,2026-05-04
No Country for Old Men,2007,Crime|Thriller|Western,122,4.31,23123090230034564899209220260501120071120110622529315043121252090,293150,USA,English|English|Spanish,https://letterboxd.com/film/no-country-for-old-men/,2026-05-04
Return to Silent Hill,2026,Mystery|Horror|Drama,106,1.44,,65741,France|Japan|USA|UK|Germany,English|English|Polish|Portuguese|Spanish,https://letterboxd.com/film/return-to-silent-hill/,2026-05-04
Priscilla,2023,Drama|Romance,113,3.52,9191219191210230034592452026050320234132120220904538531735212429250,385317,Italy|USA,English,https://letterboxd.com/film/priscilla/,2026-05-04
The Fantastic 4: First Steps,2025,Action|Science Fiction|Adventure,115,3.34,543967543967023003457919041202605032025417216112019072144574674333420408500,746743,USA,English|English|French|Uzbek,https://letterboxd.com/film/the-fantastic-4-first-steps/,2026-05-04
Midsommar,2019,Mystery|Drama|Horror,147,3.75,4595644595640230034578120260503201911120180616556913237536725740,569132,Sweden|USA,English|English|Swedish,https://letterboxd.com/film/midsommar/,2026-05-04
13 Going on 30,2004,Comedy|Romance|Fantasy,98,3.64,50,279426,USA,English,https://letterboxd.com/film/13-going-on-30-3/,2026-05-04
Jurassic World Rebirth,2025,Adventure|Science Fiction|Action,134,2.6,,407223,USA,English|French|English,https://letterboxd.com/film/jurassic-world-rebirth/,2026-05-04
Back to the Future,1985,Adventure|Comedy|Science Fiction,116,4.21,5194551945023003458188282026050319851120110622526988042126662730,269880,USA,English,https://letterboxd.com/film/back-to-the-future/,2026-05-04
The Batman,2022,Crime|Mystery|Thriller,177,4.02,348914348914023003451287202605036612022154141111120160909572278840238829090,722788,USA,English,https://letterboxd.com/film/the-batman/,2026-05-04
Taxi Driver,1976,Crime|Drama,114,4.11,51947519470230034530722026050231976112120110622533064841123159920,330648,USA,English|English|Spanish,https://letterboxd.com/film/taxi-driver/,2026-05-04
Heat,1995,Crime|Action|Drama,170,4.31,519945199402300345549762026050219951995121212201107111995524698543111363560,246985,USA,English|English|Spanish,https://letterboxd.com/film/heat-1995/,2026-05-04
The Maze Runner,2014,Science Fiction|Thriller|Action|Mystery,113,3.53,1425491425490230034524237956202605011202020141211420130602518986835315185040,189868,USA|UK,English,https://letterboxd.com/film/the-maze-runner/,2026-05-04
Oppenheimer,2023,Drama|History,181,4.16,784328784328023003453673220260503202320232511202109102023581539441641730300,815394,UK|USA,English|Dutch|English,https://letterboxd.com/film/oppenheimer-2023/,2026-05-04
The Worst Person in the World,2021,Drama|Romance|Comedy,128,4.08,585258585258023003459234427202605025122120212020010352789584089470490,278958,Norway|Sweden|Denmark|France,Norwegian,https://letterboxd.com/film/the-worst-person-in-the-world/,2026-05-04
They Will Kill You,2026,Action|Comedy|Horror,94,2.98,117552811755280230034529744242026050311202612202405215591562981212390,59156,USA|South Africa,English,https://letterboxd.com/film/they-will-kill-you/,2026-05-04
Titanic,1997,Drama|Romance,194,3.83,515245152402300345751794202605031202019971997121141121201106221997526694638331039960,266946,USA,English|English|French|German|Swedish|Italian|Russian,https://letterboxd.com/film/titanic-1997/,2026-05-04
Saltburn,2023,Comedy|Drama|Thriller,131,3.36,83577483577402300345583081202604161202311120220125589172233630744440,891722,UK|USA,English,https://letterboxd.com/film/saltburn/,2026-05-04
The Amazing Spider-Man,2012,Science Fiction|Adventure|Action,136,3.53,506775067702300345210920260503201211111111120110622520984535319347350,209845,USA,English,https://letterboxd.com/film/the-amazing-spider-man/,2026-05-04
Now You See Me: Now You Don’t,2025,Thriller|Crime,113,2.95,358757358757202502300345942649720260503120252025320161110202552029462955173790,202946,USA,English,https://letterboxd.com/film/now-you-see-me-now-you-dont-2025/,2026-05-04
Spider-Man: No Way Home,2021,Adventure|Action|Science Fiction,148,3.83,560787560787023003453364402026050320214212120190928545383338334685600,453833,USA,English|English|Tagalog,https://letterboxd.com/film/spider-man-no-way-home/,2026-05-04
GoodFellas,1990,Crime|Drama,145,4.46,51383513830230034562652282026050319901241212019120110622528684044621094170,286840,USA,English|Italian|English,https://letterboxd.com/film/goodfellas/,2026-05-04
Star Wars,1977,Adventure|Science Fiction|Action,121,4.16,27062706023003451127152025080712020197711111120110615528936741625362820,289367,USA,English,https://letterboxd.com/film/star-wars/,2026-05-04
Past Lives,2023,Drama|Romance,106,4.16,5910535910530230034560078542026042924242220231120200123559276041617403100,592760,USA|South Korea,English|English|Korean,https://letterboxd.com/film/past-lives/,2026-05-04
Scary Movie,2000,Comedy,88,3.22,4944349443023003459492091202604302000200011220110622200051617303228815380,161730,USA,English,https://letterboxd.com/film/scary-movie-2000/,2026-05-04
Tangled,2010,Family|Adventure|Animation,100,4.04,258592585920100230034512251536202605032010201011201106182010523697640423097390,236976,USA,English,https://letterboxd.com/film/tangled-2010/,2026-05-04
The Smashing Machine,2025,Drama|Action|History,123,3.21,68073968073920250230034518231182026050224242025202511212120201104202551416933213502740,141693,USA,English|English|Ukrainian|Japanese,https://letterboxd.com/film/the-smashing-machine-2025/,2026-05-04
To All the Boys I’ve Loved Before,2018,Comedy|Romance,100,3.22,3979423979420230034562343120260416201820170714522315432211981750,223154,USA,English,https://letterboxd.com/film/to-all-the-boys-ive-loved-before/,2026-05-04
The Testament of Ann Lee,2025,Music|History|Drama,137,3.46,1284627128462702300345369020260503202511111202412135573633461041010,57363,USA|UK|Sweden|Cyprus|Hungary,English,https://letterboxd.com/film/the-testament-of-ann-lee/,2026-05-04
The Prestige,2006,Science Fiction|Drama|Mystery,130,4.28,51147511470230034578911772026042820061920110622524271942818108260,242719,UK|USA,English,https://letterboxd.com/film/the-prestige/,2026-05-04
Harry Potter and the Goblet of Fire,2005,Adventure|Fantasy,157,3.89,5145051450023003456598969202605032005111122114220110622524863738923757910,248637,UK|USA,English|English|French,https://letterboxd.com/film/harry-potter-and-the-goblet-of-fire/,2026-05-04
Spider-Man: Homecoming,2017,Action|Adventure|Science Fiction,133,3.49,242710242710023003456185722920260503201741313420150105518312734926648500,183127,USA,English,https://letterboxd.com/film/spider-man-homecoming/,2026-05-04
About Time,2013,Drama|Fantasy|Romance,123,4.07,8737023003457276697820260503120131322112120120731530790740714770550,307907,UK|USA,English,https://letterboxd.com/film/about-time/,2026-05-04
Memento,2000,Thriller|Mystery,113,4.18,13402300345800732247202605032000220110622526935541818857610,269355,USA,English,https://letterboxd.com/film/memento/,2026-05-04
Iron Man,2008,Adventure|Science Fiction|Action,126,3.78,508255082502300345031512220260425120082008112494780201106222008518829337823444220,188293,USA,English|English|Persian (Farsi)|Urdu|Arabic,https://letterboxd.com/film/iron-man-2008/,2026-05-04
Companion,2025,Thriller|Science Fiction|Horror,97,3.37,9771729771722025023003456659462026050320252025202302092025551342333714257400,513423,USA,English|Russian|German|Chinese|English|Spanish,https://letterboxd.com/film/companion-2025/,2026-05-04
Harry Potter and the Chamber of Secrets,2002,Adventure|Fantasy,161,3.64,8046023003458671452452026050314921492220021111941220110622521776136423683180,217761,UK|USA|Germany,English,https://letterboxd.com/film/harry-potter-and-the-chamber-of-secrets/,2026-05-04
The Menu,2022,Comedy|Horror,107,3.52,5213235213230230034500003820260430202220221112201904092022560743935230560240,607439,USA,English|English|Spanish,https://letterboxd.com/film/the-menu-2022/,2026-05-04
The Hangover,2009,Comedy,100,3.73,4010040100023003456464871520260503120091111220110620520605237318849730,206052,USA,English,https://letterboxd.com/film/the-hangover/,2026-05-04
The Virgin Suicides,1999,Romance|Drama,97,3.85,510245102402300345869340920260503199911161320110622531862838512674990,318628,USA,English,https://letterboxd.com/film/the-virgin-suicides/,2026-05-04
Pirates of the Caribbean: The Curse of the Black Pearl,2003,Fantasy|Adventure|Action,143,4.0,26952695023003452723608202605012003212201106155183721419006670,183721,USA,English,https://letterboxd.com/film/pirates-of-the-caribbean-the-curse-of-the-black-pearl/,2026-05-04
The Hunger Games: The Ballad of Songbirds & Snakes,2023,Action|Science Fiction,157,3.58,6195106195100230034518024892026042912023112120200422549714135818080240,497141,Germany|USA,English,https://letterboxd.com/film/the-hunger-games-the-ballad-of-songbirds-snakes/,2026-05-04
The Matrix,1999,Science Fiction|Action,136,4.18,5151851518023003457366202605031999421120110622528487141827698400,284871,USA,English,https://letterboxd.com/film/the-matrix/,2026-05-04
Notting Hill,1999,Comedy|Romance,124,3.68,3023003455896220260503199911120110622529016036814031320,290160,UK|USA,English,https://letterboxd.com/film/notting-hill/,2026-05-04
Caught Stealing,2025,Thriller|Crime|Comedy,107,3.4,1129199112919902300345383722202604302025211351202402185208351345453340,208351,USA,English|Chinese|English|Russian|Spanish|Yiddish,https://letterboxd.com/film/caught-stealing/,2026-05-04
21 Jump Street,2012,Crime|Action|Comedy,109,3.63,279279210230034594603998320260423112012211116201203222121516445436312960390,164454,USA,English,https://letterboxd.com/film/21-jump-street/,2026-05-04
Spider-Man 2,2004,Action|Science Fiction|Adventure,127,3.92,7580230034552675282026050320042114121112011062222520626739221868030,206267,USA,English|English|Russian|Chinese,https://letterboxd.com/film/spider-man-2/,2026-05-04
Star Wars: Episode III – Revenge of the Sith,2005,Science Fiction|Adventure|Action,140,4.07,507095070902300345810202605031200521111192201106222013538297640721751330,382976,USA,English,https://letterboxd.com/film/star-wars-episode-iii-revenge-of-the-sith/,2026-05-04
Avengers: Endgame,2019,Science Fiction|Action|Adventure,181,3.96,2266602266600230034540065616566156720260503201941116156713120141029527519439634395610,275194,USA,English|English|Japanese|Xhosa,https://letterboxd.com/film/avengers-endgame/,2026-05-04
Avengers: Infinity War,2018,Action|Science Fiction|Adventure,149,4.04,22666122666102300345835600616566156720260501201841113220141029524170140434826790,241701,USA,English|English|Xhosa,https://letterboxd.com/film/avengers-infinity-war/,2026-05-04
Shrek,2001,Adventure|Fantasy|Family|Animation|Comedy|here,90,4.12,513445134402300345092752026050320011120110622523645941226562930,236459,USA,English,https://letterboxd.com/film/shrek/,2026-05-04
Coraline,2009,Animation|Horror|Fantasy|Family,100,4.19,427794277902300345792483220260503200920110620539219041927628480,392190,USA,English,https://letterboxd.com/film/coraline/,2026-05-04
Moonlight,2016,Drama,111,4.2,907903202300345192156202604292424120162016220160111201652229284214379980,222928,USA,English,https://letterboxd.com/film/moonlight-2016/,2026-05-04
Something Very Bad Is Going to Happen,2026,Drama|Mystery,371,3.67,152178615217860230034504839202605032026202603275461193671139760,46119,USA,English,https://letterboxd.com/film/something-very-bad-is-going-to-happen/,2026-05-04
La Haine,1995,Drama,98,4.5,51684516840230034566771362026050331995132011062252205204510395450,220520,France,French,https://letterboxd.com/film/la-haine/,2026-05-04
In the Mood for Love,2000,Romance|Drama,99,4.38,1721908023003459386331920260503221200012011062252848694389741840,284869,Hong Kong|France,Cantonese|Cantonese|French|Spanish,https://letterboxd.com/film/in-the-mood-for-love/,2026-05-04
Soul,2020,Music|Drama|Family|Animation|Fantasy,101,3.94,4385114385110230034580749820260414202020201111201803022020526633539423668000,266335,USA,English,https://letterboxd.com/film/soul-2020/,2026-05-04
The Perfect Neighbor,2025,Documentary|Crime,97,3.69,1284157128415720250230034533160202603302025202412125690713691970240,69071,USA,English,https://letterboxd.com/film/the-perfect-neighbour/,2026-05-04
Baby Driver,2017,Crime|Action,113,3.7,268950268950023003456130482026042911201711312015051053087353729922880,308735,UK|USA,English,https://letterboxd.com/film/baby-driver/,2026-05-04
Dracula,2025,Horror|Romance|Fantasy,130,3.13,11290821129082202502300345368212026042321111202520251112024021820255873233132248180,87323,France,English|English|German|Romanian,https://letterboxd.com/film/dracula-2025/,2026-05-04
Reminders of Him,2026,Drama|Romance,114,2.51,12548301254830023003458072780020260503120261202410085481602511020680,48160,USA,English,https://letterboxd.com/film/reminders-of-him/,2026-05-04
Grave of the Fireflies,1988,Animation|War|Drama,89,4.48,44558445580230034506155012026050319881120110620525057744811816490,250577,Japan,Japanese,https://letterboxd.com/film/grave-of-the-fireflies/,2026-05-04
Requiem for a Dream,2000,Drama|Crime,102,4.1,424760913023003454543720260501200021132112011062253076404116165670,307640,USA,English,https://letterboxd.com/film/requiem-for-a-dream/,2026-05-04
Regretting You,2025,Drama|Romance,116,2.48,120807612080760230034531757322012026050120251272024081151398312483199920,139831,USA|Germany,English,https://letterboxd.com/film/regretting-you/,2026-05-04
"Girl, Interrupted",1999,Drama,127,3.95,155464502300345078031320260503199911220110622527740639514127070,277406,USA,English,https://letterboxd.com/film/girl-interrupted/,2026-05-04
Batman Begins,2005,Crime|Action|Drama,140,3.84,5178451784023003450903522026050312005111111111111121111211111121141181111111111111120110622521252338420584450,212523,UK|USA,English|English|Urdu|Chinese,https://letterboxd.com/film/batman-begins/,2026-05-04
Brokeback Mountain,2005,Drama|Romance,134,4.16,5190951909023003454025902026050320052112220110622540540641615174850,405406,Canada|USA,English,https://letterboxd.com/film/brokeback-mountain/,2026-05-04
The Super Mario Bros. Movie,2023,Adventure|Animation|Comedy|Family|Fantasy,93,3.21,432302432302023003457923862026050320231131320180202538615432117090130,386154,Japan|USA,English,https://letterboxd.com/film/the-super-mario-bros-movie/,2026-05-04
Apex,2026,Action|Thriller,96,2.57,1199247119924720260230034565880399202605031202620262024071920265413322571239420,41332,USA|Iceland|Australia,English,https://letterboxd.com/film/apex-2026/,2026-05-04
The Naked Gun,2025,Action|Comedy|Crime,85,3.28,9333819333810230034566210202604231202511114111116161162022101452345773286014990,234577,USA,English|Hungarian|English,https://letterboxd.com/film/the-naked-gun/,2026-05-04
Chainsaw Man – The Movie: Reze Arc,2025,Fantasy|Romance|Action|Animation,99,4.35,11026731102673023003459227112026050320251120231217201352154124355262540,215412,Japan,Japanese,https://letterboxd.com/film/chainsaw-man-the-movie-reze-arc/,2026-05-04
The Hunger Games: Mockingjay – Part 1,2014,Thriller|Science Fiction|Adventure,123,3.37,10199110199110230034529095282026050212014111120120911201311519662133716392510,196621,USA,English,https://letterboxd.com/film/the-hunger-games-mockingjay-part-1/,2026-05-04
Black Phone 2,2025,Horror|Thriller,114,3.07,108216010821602023003455627202604192025211202310282251996493075289230,199649,USA,English|English|Japanese|Spanish,https://letterboxd.com/film/black-phone-2/,2026-05-04
HIS & HERS,2026,Crime|Drama|Mystery,262,3.64,14789031478903202602300345066986621120260503202620262026010620265398623641112350,39862,USA,English,https://letterboxd.com/film/his-hers-2026/,2026-05-04
Harry Potter and the Order of the Phoenix,2007,Adventure|Fantasy,138,3.7,406804154023003455708652202605032007111112011062251919453721135180,191945,UK|USA,English,https://letterboxd.com/film/harry-potter-and-the-order-of-the-phoenix/,2026-05-04
Song Sung Blue,2025,Romance|Music|Drama,133,3.3,125792312579232025023003457147202605032025202511142202410152025551319331101940,51319,USA,English,https://letterboxd.com/film/song-sung-blue-2025/,2026-05-04
The Voice of Hind Rajab,2025,Drama,89,4.39,13574021357402023003455827202605034413188818882025202505145459574391035120,45957,France|Tunisia|USA|UK|Cyprus|Saudi Arabia|Italy|Netherlands,Arabic|English|Arabic,https://letterboxd.com/film/the-voice-of-hind-rajab/,2026-05-04
The Avengers,2012,Science Fiction|Adventure|Action,143,3.73,367783677820120230034502158202605012012201211111111112201106192012517075237325559840,170752,USA,English|English|Hindi|Russian,https://letterboxd.com/film/the-avengers-2012/,2026-05-04
White Chicks,2004,Comedy|Crime,109,3.67,50,239840,USA,English,https://letterboxd.com/film/white-chicks/,2026-05-04
The Social Network,2010,Drama,121,3.93,334205023003455459720260430112010111211120110618532428639326280160,324286,USA,English,https://letterboxd.com/film/the-social-network/,2026-05-04
Bullet Train,2022,Comedy|Thriller|Action,126,3.6,641961641961023003459245120260427878720221121131112122020062654106973621884470,410697,USA,English|Japanese|English|Russian|Spanish,https://letterboxd.com/film/bullet-train/,2026-05-04
Star Wars: Episode I – The Phantom Menace,1999,Science Fiction|Adventure|Action,136,3.12,507115071102300345810202605031199923211112111201106222013526622931218695600,266229,USA,English,https://letterboxd.com/film/star-wars-episode-i-the-phantom-menace/,2026-05-04
The Twilight Saga: New Moon,2009,Romance|Drama|Adventure|Fantasy,131,2.78,404804048002300345541202605031200920110620524795927810733940,247959,USA,English|English|Italian,https://letterboxd.com/film/the-twilight-saga-new-moon/,2026-05-04
Thunderbolts*,2025,Science Fiction|Adventure|Action,127,3.56,88765388765302300345803807732026050320252120220610565651935618019270,656519,USA,English|English|Italian|Russian,https://letterboxd.com/film/thunderbolts/,2026-05-04
There Will Be Blood,2007,Drama,158,4.46,75202020023003458533535020260503120071144317120110622523702744612837610,237027,USA,English,https://letterboxd.com/film/there-will-be-blood/,2026-05-04
The Empire Strikes Back,1980,Science Fiction|Adventure|Action,124,4.4,27820120230034527667202605031198013111211112011062252345004421701800,234500,USA,English,https://letterboxd.com/film/the-empire-strikes-back/,2026-05-04
The Fall Guy,2024,Action|Romance|Comedy,127,3.39,66755066755002300345549112812026042887873603602024202411121112114317214202009242024534234133911362360,342341,USA|Australia,English,https://letterboxd.com/film/the-fall-guy-2024/,2026-05-04
How to Train Your Dragon,2025,Fantasy|Family|Adventure|Action,125,3.82,98011698011620250230034508282026050320252025141202302162025538305938210542470,383059,USA,English,https://letterboxd.com/film/how-to-train-your-dragon-2025/,2026-05-04
Nightcrawler,2014,Crime|Drama|Thriller,118,4.04,72990230034561488202605021201411126220131213521725040417422490,217250,USA,English,https://letterboxd.com/film/nightcrawler/,2026-05-04
2001: A Space Odyssey,1968,Science Fiction|Adventure|Mystery,149,4.25,5198751987200102300345694627220260503119682001112111112011062220012001527898042514550340,278980,UK|USA,English|English|Russian,https://letterboxd.com/film/2001-a-space-odyssey/,2026-05-04
After Hours,1985,Thriller|Comedy|Drama,97,4.13,27541150230034536525202604291985212011062051715234134717520,171523,USA,English,https://letterboxd.com/film/after-hours/,2026-05-04
The Royal Tenenbaums,2001,Drama|Comedy,110,4.11,5530058023003459455666202604262001151122011062052203654119931390,220365,USA,English|English|Italian,https://letterboxd.com/film/the-royal-tenenbaums/,2026-05-04
Us,2019,Horror|Mystery,116,3.63,3905203905200230034596888487620260503122019201911201705232019529797436323101950,297974,USA,English,https://letterboxd.com/film/us-2019/,2026-05-04
The Martian,2015,Drama|Science Fiction|Adventure,141,3.8,211511211511023003457108322026050320201201513122014081151403373817343570,140337,USA,English|English|Chinese,https://letterboxd.com/film/the-martian/,2026-05-04
Twinless,2025,Comedy|Drama,100,3.73,1128116112811602300345685774222202605032025202402165869723731765890,86972,USA,English,https://letterboxd.com/film/twinless/,2026-05-04
The Darjeeling Limited,2007,Comedy|Adventure|Drama,92,3.85,492684926802300345369272026050320072011062251477973856620710,147797,USA|India,English|English|Hindi|German|Tibetan,https://letterboxd.com/film/the-darjeeling-limited/,2026-05-04
Jurassic Park,1993,Science Fiction|Adventure,127,4.12,189083887023003451950874020260503199320110622523966441221833540,239664,USA,English|English|Spanish,https://letterboxd.com/film/jurassic-park/,2026-05-04
Harry Potter and the Half-Blood Prince,2009,Adventure|Fantasy,153,3.74,51385513850230034578978598202605032009111120110622518087137420047820,180871,UK|USA,English,https://letterboxd.com/film/harry-potter-and-the-half-blood-prince/,2026-05-04
The Greatest Showman,2017,Drama,105,3.55,2430632430630230034554846056202605031202020178111321111120150107519165435512829370,191654,USA,English,https://letterboxd.com/film/the-greatest-showman/,2026-05-04
Princess Mononoke,1997,Fantasy|Adventure|Animation,134,4.39,538023003450397572026050321997112120110622525307243916283260,253072,Japan,Japanese,https://letterboxd.com/film/princess-mononoke/,2026-05-04
Shrek 2,2004,Family|Comedy|Romance|Animation|Fantasy|here,92,4.12,4406827102300345780173202605032004212011062222523978741219665760,239787,USA,English,https://letterboxd.com/film/shrek-2/,2026-05-04
Spider-Man: Far From Home,2019,Science Fiction|Adventure|Action,129,3.4,362977362977023003451392202605032019411111144112016121251822053423929070,182205,USA,English|Czech|Dutch|English|German|Italian,https://letterboxd.com/film/spider-man-far-from-home/,2026-05-04
Memories of Murder,2003,Thriller|Crime|Drama,131,4.42,848991239023003457204593202605012003111222013082252005504429662010,200550,South Korea,Korean|Korean|English,https://letterboxd.com/film/memories-of-murder/,2026-05-04
But I’m a Cheerleader,1999,Romance|Comedy,85,4.01,388003880002300345074420292026050119991172112011061953081854018466130,308185,USA,English,https://letterboxd.com/film/but-im-a-cheerleader/,2026-05-04
The Hunger Games: Mockingjay – Part 2,2015,Adventure|Action|Science Fiction,137,3.48,674302300345265152120260503120152120120911201322519834934815023590,198349,Germany|USA,English,https://letterboxd.com/film/the-hunger-games-mockingjay-part-2/,2026-05-04
The Godfather Part II,1974,Drama|Crime,202,4.59,5181651816023003456498532520260503119741117520110622516681945913832370,166819,USA,English|English|Italian|Latin|Spanish,https://letterboxd.com/film/the-godfather-part-ii/,2026-05-04
Harry Potter and the Deathly Hallows: Part 2,2011,Fantasy|Adventure,130,4.02,4458044580202300345663769773202605032011211111121122011062022517438040221326220,174380,UK|USA,English,https://letterboxd.com/film/harry-potter-and-the-deathly-hallows-part-2/,2026-05-04
Wicked,2024,Romance|Drama|Fantasy,162,3.77,337036337036202402300345519377220260501202420243111211417611111111363219216311121317121121123111522016061720245104086737726733860,1040867,USA,English,https://letterboxd.com/film/wicked-2024/,2026-05-04
My Neighbor Totoro,1988,Fantasy|Animation|Family,86,4.19,47756477560230034574971202604261988120110622524367041919280720,243670,Japan,Japanese,https://letterboxd.com/film/my-neighbor-totoro/,2026-05-04
Guardians of the Galaxy,2014,Adventure|Action|Science Fiction,121,3.83,936769367602300345389672026050320141131111120120705519192538329518250,191925,USA,English,https://letterboxd.com/film/guardians-of-the-galaxy/,2026-05-04
Drive,2011,Thriller|Drama|Crime,100,3.91,66397672750230034558476282026050320112011113201105242011526625839118831510,266258,USA,English,https://letterboxd.com/film/drive-2011/,2026-05-04
The Princess Bride,1987,Adventure|Fantasy|Comedy|Family|Romance,99,4.1,29070230034554413620260503198712011062252064584110864110,206458,USA,English,https://letterboxd.com/film/the-princess-bride/,2026-05-04
Amélie,2001,Romance|Comedy,122,4.19,7204730750230034582825220260503331200111120110622520372841913115750,203728,France|Germany,French|French|Russian,https://letterboxd.com/film/amelie/,2026-05-04
Marie Antoinette,2006,History|Drama,123,3.73,713381728602300345462026041812006200612220110622200651907583737774190,190758,Japan|USA|France,English|English|French|Latin,https://letterboxd.com/film/marie-antoinette-2006/,2026-05-04
50 First Dates,2004,Comedy|Romance,99,3.41,50773507735002300345070166202604301120045011101120110622505051310123419210530,131012,USA,English,https://letterboxd.com/film/50-first-dates/,2026-05-04
The Departed,2006,Thriller|Crime|Drama,151,4.34,324023003455823102620260503200621314524135120110622520088743415423990,200887,Hong Kong|USA,English|English|Cantonese,https://letterboxd.com/film/the-departed/,2026-05-04
The Nice Guys,2016,Action|Comedy|Crime,116,3.83,2163012163010230034540616220260430201613120140904522954138311983360,229541,USA,English,https://letterboxd.com/film/the-nice-guys/,2026-05-04
She’s the Man,2006,Romance|Comedy,105,3.5,469464694602300345151533202605031200624312201106205185402358790980,185402,USA,English,https://letterboxd.com/film/shes-the-man/,2026-05-04
Arco,2025,Adventure|Animation|Science Fiction|Family|here,89,3.89,721566721566023003458556202605033312025202103115461253891113670,46125,France|UK|USA,French,https://letterboxd.com/film/arco/,2026-05-04
Manchester by the Sea,2016,Drama,138,4.13,762076419023003456594246420260502201612120150407520019841310645580,200198,USA,English,https://letterboxd.com/film/manchester-by-the-sea/,2026-05-04
Casino Royale,2006,Thriller|Action|Adventure,144,4.03,829458023003450698202605031200620061313120110618200651322834039738930,132283,UK|USA,English|English|French,https://letterboxd.com/film/casino-royale-2006/,2026-05-04
The Muppet Show,2026,TV Movie|Music|Family|Comedy,32,4.07,14224251422425023003457024792642026032620201202623121411121120250918546556407678270,46556,USA,English,https://letterboxd.com/film/the-muppet-show/,2026-05-04
Cars,2006,Adventure|Comedy|Animation|Family|here,117,3.9,633320230034540228120260503200621222112011062251864293918227600,186429,USA,English|English|Italian|Japanese|Yiddish,https://letterboxd.com/film/cars/,2026-05-04
The Thing,1982,Mystery|Science Fiction|Horror,109,4.35,355320400230034501880125202605031982220110622529662143512681110,296621,USA,English|English|Norwegian,https://letterboxd.com/film/the-thing/,2026-05-04
How to Train Your Dragon,2010,Fantasy|Family|Adventure|Animation|here,98,4.14,76730023003451580274202605032010120110620519496841418443430,194968,USA,English,https://letterboxd.com/film/how-to-train-your-dragon/,2026-05-04
Perfect Days,2023,Drama,124,4.31,87922987922902300345480661202605032023202311112120220518202352626954318088020,262695,Germany|Japan,Japanese|English|Japanese,https://letterboxd.com/film/perfect-days-2023/,2026-05-04
City of God,2002,Drama|Crime,129,4.57,5152351523023003457517942026050322152002111118131211421114120110622519005145711278950,190051,Brazil|France|Germany,Portuguese,https://letterboxd.com/film/city-of-god/,2026-05-04
Harry Potter and the Deathly Hallows: Part 1,2010,Adventure|Fantasy,146,3.74,88830230034531050208202605032010111112011062011515490937419699300,154909,UK|USA,English,https://letterboxd.com/film/harry-potter-and-the-deathly-hallows-part-1/,2026-05-04
Hereditary,2018,Thriller|Horror|Mystery,128,3.93,42434842434802300345470486812026050320183111120171222543460739326069040,434607,USA|UK,English,https://letterboxd.com/film/hereditary/,2026-05-04
Blade Runner 2049,2017,Science Fiction|Drama,164,4.1,26543926543920490230034586735082026050316141614201720491511283201504192049204952853114121356140,285311,Canada|UK|USA,English|English|Finnish|Hungarian|Japanese|Russian|Somali|Spanish,https://letterboxd.com/film/blade-runner-2049/,2026-05-04
Star Wars: Episode II – Attack of the Clones,2002,Science Fiction|Adventure|Action,142,3.1,5071050710023003458102026050312002121611420110622201352195793117027190,219579,USA,English,https://letterboxd.com/film/star-wars-episode-ii-attack-of-the-clones/,2026-05-04
Forbidden Fruits,2026,Comedy|Horror,104,3.1,1327775132777520260230034556019202605031001002026202612120250319202655207131809500,52071,USA|Canada,English,https://letterboxd.com/film/forbidden-fruits-2026/,2026-05-04
Coco,2017,Adventure|Animation|Music|Family,105,4.13,3969581023003452906512202605032017201711141312201508192017523287441329441930,232874,USA,English|English|Spanish,https://letterboxd.com/film/coco-2017/,2026-05-04
Mysterious Skin,2004,Drama,105,4.21,7116450230034508031954202604301120044112011062052203414215962430,220341,USA|Netherlands,English,https://letterboxd.com/film/mysterious-skin/,2026-05-04
Cold Storage,2026,Science Fiction|Horror|Comedy,99,2.78,620295620295202602300345684920260503123202620261202004242026535971278822870,35971,UK|USA,English,https://letterboxd.com/film/cold-storage-2026/,2026-05-04
Jennifer’s Body,2009,Horror|Comedy,107,3.46,50,329073,USA,English|Spanish|English,https://letterboxd.com/film/jennifers-body/,2026-05-04
Captain America: The First Avenger,2011,Action|Adventure|Science Fiction,124,3.35,50809508090230034550520040202605022011121111112213211120110622515989733517748000,159897,USA,English|French|Norwegian|English,https://letterboxd.com/film/captain-america-the-first-avenger/,2026-05-04
Father Mother Sister Brother,2025,Drama|Comedy,110,3.11,1045338104533802300345379874120260503112025117320230803531237311904280,31237,USA|France|Ireland|Italy|Germany|UK,English|English|French,https://letterboxd.com/film/father-mother-sister-brother/,2026-05-04
Before Sunset,2004,Drama|Romance,80,4.31,51970519700230034571829232026042520042011062252244164318724610,224416,USA,English|English|French,https://letterboxd.com/film/before-sunset/,2026-05-04
Kiki’s Delivery Service,1989,Fantasy|Animation|Family,103,4.14,50997083064144873891383200230034535979102026050319892111120110620519806141411537520,198061,Japan,Japanese,https://letterboxd.com/film/kikis-delivery-service/,2026-05-04
Portrait of a Lady on Fire,2019,Drama|Romance,121,4.42,46083046083002300345790679202605035201920180622530121344210822340,301213,France,French|Italian|French,https://letterboxd.com/film/portrait-of-a-lady-on-fire/,2026-05-04
100 METERS,2025,Animation|Drama|here,107,3.99,1177489117748910020250230034586241018202605032120251002025211111112202405241001002025536953399953750,36953,Japan|USA,Japanese,https://letterboxd.com/film/100-meters-2025/,2026-05-04
The Mastermind,2025,Crime|Drama,110,3.21,1242097124209720250230034572943144020260421202520252511412024090620255680023211656740,68002,UK|USA,English|English|French,https://letterboxd.com/film/the-mastermind-2025/,2026-05-04
The Holdovers,2023,Drama|Comedy,133,4.25,7555647555640230034599895520260501120233131220210615555599042515657760,555990,USA,English,https://letterboxd.com/film/the-holdovers/,2026-05-04
The Life of Chuck,2024,Drama|Fantasy,111,3.67,7576127576120230034576700202604302024131112021062051162703673041010,116270,USA,English,https://letterboxd.com/film/the-life-of-chuck/,2026-05-04
Good Time,2017,Drama|Crime|Thriller,102,3.98,36236236236202300345717715220260418201713112112016120751669153987697010,166915,USA,English,https://letterboxd.com/film/good-time/,2026-05-04
Hannah Montana 20th Anniversary Special,2026,Music|Documentary,59,3.31,15028601502860200230034566601162202604251202620511202602182020536456331629600,36456,USA,English,https://letterboxd.com/film/hannah-montana-20th-anniversary-special/,2026-05-04
The Amazing Spider-Man 2,2014,Science Fiction|Action|Adventure,141,3.19,9990230034542667542026050320142211121312012041722515362831914952600,153628,USA,English,https://letterboxd.com/film/the-amazing-spider-man-2/,2026-05-04
Eddington,2025,Comedy|Western|Crime,148,3.36,57459557459502300345925692026050324248288282025111122019111852202943365026750,220294,USA|Finland,English,https://letterboxd.com/film/eddington/,2026-05-04
Clueless,1995,Comedy|Romance,97,3.69,3782605590230034559319220260421119951120110620525608336918203180,256083,USA,English|Spanish|English,https://letterboxd.com/film/clueless/,2026-05-04
The Phoenician Scheme,2025,Adventure|Comedy|Crime,102,3.53,10250471025047023003456060596920260503202511111111112023060852609263536769150,260926,USA|Germany,English|English|French|Spanish,https://letterboxd.com/film/the-phoenician-scheme/,2026-05-04
He’s Just Not That Into You,2009,Romance|Comedy|Drama,129,3.14,4646746467023003452161202605031200911111112111122011062051462083144684990,146208,USA,English,https://letterboxd.com/film/hes-just-not-that-into-you/,2026-05-04
Even If This Love Disappears Tonight,2025,Drama|Romance,106,3.87,134279913427990230034556874177220260428378529344202512320250418545972387805110,45972,South Korea|here,Korean,https://letterboxd.com/film/even-if-this-love-disappears-tonight/,2026-05-04
Waves,2019,Romance|Drama,136,3.98,4625734625730230034558532026050324242019201911120180703201951964863985818630,196486,Canada|USA,English,https://letterboxd.com/film/waves-2019/,2026-05-04
Joker,2019,Drama|Thriller|Crime,122,3.84,4067754067750230034547982026050312019201911211201709142019535331838445318830,353318,Canada|USA,English,https://letterboxd.com/film/joker-2019/,2026-05-04
Spider-Man 3,2007,Science Fiction|Action|Adventure,139,3.22,69232116202300345712352112026050320073132111411112011062233516153032216043160,161530,USA,English|English|French,https://letterboxd.com/film/spider-man-3/,2026-05-04
Ocean’s Eleven,2001,Thriller|Crime,116,3.93,518905189020010230034599869227202605032001200121111122201106222001519518539313416450,195185,USA,English|Chinese|English|Italian,https://letterboxd.com/film/oceans-eleven-2001/,2026-05-04
Conclave,2024,Drama|Thriller,120,3.92,877253877253023003459502026050312024120220512565788239219063450,657882,UK|USA,English|English|Italian|Latin|Spanish,https://letterboxd.com/film/conclave/,2026-05-04
Heretic,2024,Thriller|Horror,111,3.32,102533110253312024023003457958121202604292424202420241202306102024542447233212944510,424472,USA,English,https://letterboxd.com/film/heretic-2024/,2026-05-04
Nosferatu,2024,Fantasy|Horror,133,3.66,359505359505202402300345124648202605038820242024112201611152024597676336625590310,976763,USA,English|English|German|Latin|Romanian|Russian,https://letterboxd.com/film/nosferatu-2024/,2026-05-04
The Roses,2025,Romance|Drama|Comedy,105,3.4,11514251151425202502300345500889852026050220252025712024040220255143834343902820,143834,UK|USA,English|English|Spanish,https://letterboxd.com/film/the-roses-2025/,2026-05-04
The Singers,2025,Comedy|Drama|Music,18,3.61,1320567132056720250230034570059520260417202520251711202503062025524428361608060,24428,USA,English,https://letterboxd.com/film/the-singers-2025/,2026-05-04
The Usual Suspects,1995,Thriller|Drama|Crime,106,4.08,51495514950230034502581202605031995111212011062251328764089656470,132876,USA,English|Spanish|English|French|Hungarian,https://letterboxd.com/film/the-usual-suspects/,2026-05-04
Love Me Love Me,2026,Romance|Drama,99,1.44,11983771198377023003458659542026050320261120240717538965144811530,38965,Italy|USA,English|English|Italian,https://letterboxd.com/film/love-me-love-me/,2026-05-04
WALL·E,2008,Animation|Science Fiction|Family,98,4.24,45994459940230034527020260503200811120110620516683242426276970,166832,USA,English,https://letterboxd.com/film/walle/,2026-05-04
Ponyo,2008,Animation|Family|Fantasy,100,4.12,44594445940230034565202026050322008120110620521311041212945990,213110,Japan,Japanese,https://letterboxd.com/film/ponyo/,2026-05-04
Poor Things,2023,Romance|Science Fiction|Comedy,141,3.93,71035271035202300345029020260428442023202322211202102012023568826139325298200,688261,Ireland|UK|USA,English|English|French|Portuguese,https://letterboxd.com/film/poor-things-2023/,2026-05-04
The Blair Witch Project,1999,Mystery|Horror,81,3.26,50159501590230034505594240220260502199932011062251836373269734130,183637,USA,English,https://letterboxd.com/film/the-blair-witch-project/,2026-05-04
Mr. & Mrs. Smith,2005,Drama|Thriller|Action|Comedy,120,3.33,5136551365023003459096892026041620052005152201106222005516712233313222560,167122,Switzerland|USA,English|English|Spanish,https://letterboxd.com/film/mr-mrs-smith-2005/,2026-05-04
Iron Man 2,2010,Adventure|Science Fiction|Action,124,3.01,4651146511202300345678566320260503120102115211112011062022512428530116282650,124285,USA,English|English|Russian|French,https://letterboxd.com/film/iron-man-2/,2026-05-04
Captain America: Civil War,2016,Adventure|Action|Science Fiction,147,3.65,19440219440202300345063386156761656202605032016141112216156720140523516987036521605830,169870,USA,English|Romanian|English|German|Russian,https://letterboxd.com/film/captain-america-civil-war/,2026-05-04
Her,2013,Science Fiction|Romance|Drama,126,3.97,60023003451678973220260503201321220121226532163639721631990,321636,USA,English,https://letterboxd.com/film/her/,2026-05-04
Reservoir Dogs,1992,Crime|Thriller,99,4.14,4724670230034561720202604291992220110622518817941415845420,188179,USA,English,https://letterboxd.com/film/reservoir-dogs/,2026-05-04
A Minecraft Movie,2025,Adventure|Family|Fantasy|Comedy,101,2.45,85469185469102300345074792026050312025115220220318562929124514518580,629291,Sweden|USA,English,https://letterboxd.com/film/a-minecraft-movie/,2026-05-04
Pretty Woman,1990,Comedy|Romance,120,3.71,519365193602300345190162026042819901321420110622518287037111930870,182870,USA,English,https://letterboxd.com/film/pretty-woman/,2026-05-04
The Revenant,2015,Adventure|Western|Drama,157,3.91,2072242072240230034551305892026043012015201512111201407152015510928739113920050,109287,Canada|Hong Kong|Taiwan|USA,English|English|French,https://letterboxd.com/film/the-revenant-2015/,2026-05-04
Alien,1979,Horror|Science Fiction,117,4.25,817677065402300345932998202605031197920110622531368942518441730,313689,USA|UK,English|English|Spanish,https://letterboxd.com/film/alien/,2026-05-04
The Lego Batman Movie,2017,Comedy|Animation|Family|Action|here,104,3.97,25193725193702300345711202605031201721220150212522812039710438200,228120,USA|Denmark|Australia,English,https://letterboxd.com/film/the-lego-batman-movie/,2026-05-04
Boogie Nights,1997,Drama,156,4.2,49007490070230034557856202605031997311111121201106225161648426561000,161648,USA,English,https://letterboxd.com/film/boogie-nights/,2026-05-04
Sicario,2015,Action|Thriller|Crime,122,4.0,1976281976280230034506416322026050211201520151121201406032015514136649364270,141366,USA,English|Spanish|English,https://letterboxd.com/film/sicario-2015/,2026-05-04
I Saw the TV Glow,2024,Drama|Horror,100,3.52,772230772230023003457397217720260425242420242021080553630823528004850,363082,USA,English,https://letterboxd.com/film/i-saw-the-tv-glow/,2026-05-04
